Hexstring does not start with '0103',010200000000000000007713000027137A20
Hexstring does not start with '0103',01043609137F0158089C04302D0A2D0A6608A39B
Hexstring does not start with '0103',010200000000000000007713000027140AC7
Hexstring does not start with '0103',01043709127F0156089204302D0A2D0A660850D3
Hexstring does not start with '0103',010200000000000000007713000027151AE6
Hexstring does not start with '0103',01043809137F0157089204302D0A2D0A6708B9D0
Hexstring does not start with '0103',010200000000000000007713000027162A85
Hexstring does not start with '0103',01043909117F0157089C04302E0A2E0A6708C17D
Hexstring does not start with '0103',010200000000000000007713000027173AA4
Hexstring does not start with '0103',01043A09137F0158089C04302F0A2F0A690844DA
Hexstring does not start with '0103',01020000000000000000771300002718CB4B
Hexstring does not start with '0103',01043B09127F016908920430300A300A6B08B54A
Hexstring does not start with '0103',01020000000000000000771300002719DB6A
Hexstring does not start with '0103',01043C09117F017408920430310A310A6B081DDF
Hexstring does not start with '0103',0102000000000000000077130000271AEB09
Hexstring does not start with '0103',01043D09137F017508A60430310A310A6D08593B
Hexstring does not start with '0103',0102000000000000000077130000271BFB28
Hexstring does not start with '0103',01043E09107F017808CE0430320A320A6D0893B3
Hexstring does not start with '0103',0102000000000000000077130000271C8BCF
Hexstring does not start with '0103',01043F09127F017B08C40430320A320A6F083C55
Hexstring does not start with '0103',0102000000000000000077130000271D9BEE
Hexstring does not start with '0103',01044009117F017508BA0430320A320A6F08AA0C
Hexstring does not start with '0103',0102000000000000000077130000271EAB8D
Hexstring does not start with '0103',01044109137F017408B00430330A330A7108D053
Hexstring does not start with '0103',0102000000000000000077130000271FBBAC
Hexstring does not start with '0103',01044209127F017108A60430330A330A7108C307
Hexstring does not start with '0103',010200000000000000007713000027207C10
Hexstring does not start with '0103',01044309117F016908920430320A320A72081F99
Hexstring does not start with '0103',010200000000000000007713000027216C31
Hexstring does not start with '0103',01044409127F016108880430300A300A72088265
Hexstring does not start with '0103',010200000000000000007713000027225C52
Hexstring does not start with '0103',01044509127F015E087E0430320A320A720876FC
Hexstring does not start with '0103',010200000000000000007713000027234C73
Hexstring does not start with '0103',01044609127F015B08740430320A320A7208F827
Hexstring does not start with '0103',010200000000000000007713000027243C94
Hexstring does not start with '0103',01044709117F0158087E0430330A330A720879D6
Hexstring does not start with '0103',010200000000000000007713000027252CB5
Hexstring does not start with '0103',01044809127F0156087E0430330A330A740874B3
Hexstring does not start with '0103',010200000000000000007713000027261CD6
Hexstring does not start with '0103',01044909127F0156087E0430330A330A7408DC97
Hexstring does not start with '0103',010200000000000000007713000027270CF7
Hexstring does not start with '0103',01044A09127F015908880430330A330A7508C239
Hexstring does not start with '0103',01020000000000000000771300002728FD18
Hexstring does not start with '0103',01044B09117F015708880430330A330A7508B4C4
Hexstring does not start with '0103',01020000000000000000771300002729ED39
Hexstring does not start with '0103',01044C09117F015708880430320A320A7508EF4F
Hexstring does not start with '0103',0102000000000000000077130000272ADD5A
Hexstring does not start with '0103',01044D09127F015708BA0430320A320A7408CB9C
Hex2String: ,Decimal sens1: ,Decimal sens2: ,Decimal sens3: ,Decimal Unix,Decimal loop counter: ,Decimal crc check: ,01031450000065EA9AFFE9DD630071BC0A641862560000733D,6679194,4293516643,7453706,1679319638,0,29501
Hex2String: ,Decimal sens1: ,Decimal sens2: ,Decimal sens3: ,Decimal Unix,Decimal loop counter: ,Decimal crc check: ,01031450010032E3A000084BD80029609F6418625600005F3C,3335072,543704,2711711,1679319638,0,24380
Hex2String: ,Decimal sens1: ,Decimal sens2: ,Decimal sens3: ,Decimal Unix,Decimal loop counter: ,Decimal crc check: ,0103145002002475800003F15B002123A16418625600008046,2389376,258395,2171809,1679319638,0,32838
Hexstring does not start with '0103',0102000000000000000077130000272BCD7B
Hexstring does not start with '0103',01044E09127F015608C40430320A320A75081005
Hex2String: ,Decimal sens1: ,Decimal sens2: ,Decimal sens3: ,Decimal Unix,Decimal loop counter: ,Decimal crc check: ,010314500301000000FFFFF8D401000000641862560000D552,16777216,4294965460,16777216,1679319638,0,54610
Hex2String: ,Decimal sens1: ,Decimal sens2: ,Decimal sens3: ,Decimal Unix,Decimal loop counter: ,Decimal crc check: ,010314500400074381FFE3D5890023A70A641862560000FD99,476033,4293121417,2336522,1679319638,0,64921
Hex2String: ,Decimal sens1: ,Decimal sens2: ,Decimal sens3: ,Decimal Unix,Decimal loop counter: ,Decimal crc check: ,01031450050036F5E1003581F0FFFFF96B641862560000D28B,3601889,3506672,4294965611,1679319638,0,53899
Hexstring does not start with '0103',0102000000000000000077130000272CBD9C
Hexstring does not start with '0103',01044F09127F015508CE0430330A330A75081C57
Hex2String: ,Decimal sens1: ,Decimal sens2: ,Decimal sens3: ,Decimal Unix,Decimal loop counter: ,Decimal crc check: ,01031450060009197AFFCDBEBE0035D01F641862560000C13B,596346,4291673790,3526687,1679319638,0,49467
Hexstring does not start with '0103',0102000000000000000077130000272DADBD
Hexstring does not start with '0103',01045009137F016708CE0430340A340A7508FBBE
Hexstring does not start with '0103',0102000000000000000077130000272E9DDE
Hexstring does not start with '0103',01045109117F017808CE0430340A340A78080D0A
Hexstring does not start with '0103',0102000000000000000077130000272F8DFF
Hexstring does not start with '0103',01045209127F018008CE0430350A350A7908F877
Hex2String: ,Decimal sens1: ,Decimal sens2: ,Decimal sens3: ,Decimal Unix,Decimal loop counter: ,Decimal crc check: ,010314500701000000FFFFFED001000000641862560000C734,16777216,4294966992,16777216,1679319638,0,50996
Hex2String: ,Decimal sens1: ,Decimal sens2: ,Decimal sens3: ,Decimal Unix,Decimal loop counter: ,Decimal crc check: ,01031450000040BFCA0001D6E6003BB15D6418625B0001D3C1,4243402,120550,3912029,1679319643,1,54209
Hex2String: ,Decimal sens1: ,Decimal sens2: ,Decimal sens3: ,Decimal Unix,Decimal loop counter: ,Decimal crc check: ,01031450010032AE2E0006FDDB0029DFAB6418625B0001E35B,3321390,458203,2744235,1679319643,1,58203
Hexstring does not start with '0103',010200000000000000007713000027306E21
Hexstring does not start with '0103',01045309117F018108CE0430340A340A7A0863FE
Hex2String: ,Decimal sens1: ,Decimal sens2: ,Decimal sens3: ,Decimal Unix,Decimal loop counter: ,Decimal crc check: ,01031450020024C06200044F5F00212EA86418625B00013C59,2408546,282463,2174632,1679319643,1,15449
Hex2String: ,Decimal sens1: ,Decimal sens2: ,Decimal sens3: ,Decimal Unix,Decimal loop counter: ,Decimal crc check: ,010314500301000000FFFFF88D010000006418625B0001EC0D,16777216,4294965389,16777216,1679319643,1,60429
Hex2String: ,Decimal sens1: ,Decimal sens2: ,Decimal sens3: ,Decimal Unix,Decimal loop counter: ,Decimal crc check: ,01031450040007433AFFE465B5002349136418625B00012B4D,475962,4293158325,2312467,1679319643,1,11085
Hexstring does not start with '0103',010200000000000000007713000027317E00
Hexstring does not start with '0103',01045409137F018108CE0430340A340A7C085705
Hex2String: ,Decimal sens1: ,Decimal sens2: ,Decimal sens3: ,Decimal Unix,Decimal loop counter: ,Decimal crc check: ,0103145005003445AD003311B3FFFFF93E6418625B0001E72B,3425709,3346867,4294965566,1679319643,1,59179
Hex2String: ,Decimal sens1: ,Decimal sens2: ,Decimal sens3: ,Decimal Unix,Decimal loop counter: ,Decimal crc check: ,0103145006000A6CA6FFD0D9E90032C6FE6418625B00019D43,683174,4291877353,3327742,1679319643,1,40259
Hexstring does not start with '0103',010200000000000000007713000027324E63
Hexstring does not start with '0103',01045509127F018F08CE0430350A350A7D08D71F
Hexstring does not start with '0103',010200000000000000007713000027335E42
Hexstring does not start with '0103',01045609137F018D08CE0430360A360A7D08B1BC
Hexstring does not start with '0103',010200000000000000007713000027342EA5
Hexstring does not start with '0103',01045709117F018508A60430370A370A7E08FA49
Hex2String: ,Decimal sens1: ,Decimal sens2: ,Decimal sens3: ,Decimal Unix,Decimal loop counter: ,Decimal crc check: ,010314500701000000FFFFFF1C010000006418625B0001A887,16777216,4294967068,16777216,1679319643,1,43143
Hex2String: ,Decimal sens1: ,Decimal sens2: ,Decimal sens3: ,Decimal Unix,Decimal loop counter: ,Decimal crc check: ,01031450000037105B000061BF0034661A6418626000020513,3608667,25023,3434010,1679319648,2,1299
Hex2String: ,Decimal sens1: ,Decimal sens2: ,Decimal sens3: ,Decimal Unix,Decimal loop counter: ,Decimal crc check: ,01031450010032A9CE0006CF050029E74C641862600002A07F,3320270,446213,2746188,1679319648,2,41087
Hexstring does not start with '0103',010200000000000000007713000027353E84
Hexstring does not start with '0103',01045809127F017C089C0430370A370A7D0808C6
Hex2String: ,Decimal sens1: ,Decimal sens2: ,Decimal sens3: ,Decimal Unix,Decimal loop counter: ,Decimal crc check: ,010314500200246F6A0004151D0020F701641862600002506C,2387818,267549,2160385,1679319648,2,20588
Hex2String: ,Decimal sens1: ,Decimal sens2: ,Decimal sens3: ,Decimal Unix,Decimal loop counter: ,Decimal crc check: ,010314500301000000FFFFF8F101000000641862600002A161,16777216,4294965489,16777216,1679319648,2,41313
Hex2String: ,Decimal sens1: ,Decimal sens2: ,Decimal sens3: ,Decimal Unix,Decimal loop counter: ,Decimal crc check: ,01031450040007436FFFE4793900232E4364186260000284CF,476015,4293163321,2305603,1679319648,2,33999
Hexstring does not start with '0103',010200000000000000007713000027360EE7
Hexstring does not start with '0103',01045909117F017A08920430360A360A7E08C985
Hex2String: ,Decimal sens1: ,Decimal sens2: ,Decimal sens3: ,Decimal Unix,Decimal loop counter: ,Decimal crc check: ,01031450050031382F00302990FFFFF9CA641862600002C9DB,3225647,3156368,4294965706,1679319648,2,51675
Hex2String: ,Decimal sens1: ,Decimal sens2: ,Decimal sens3: ,Decimal Unix,Decimal loop counter: ,Decimal crc check: ,0103145006000B593BFFD359930030F8D36418626000028B10,743739,4292041107,3209427,1679319648,2,35600
Hexstring does not start with '0103',010200000000000000007713000027371EC6
Hexstring does not start with '0103',01045A09127F0170087E0430360A360A7E085CD1
Hexstring does not start with '0103',01020000000000000000771300002738EF29
Hexstring does not start with '0103',01045B09127F0168087E0430360A360A80083388
Hexstring does not start with '0103',01020000000000000000771300002739FF08
Hexstring does not start with '0103',01045C09117F016808740430350A350A7E085CDE
Hex2String: ,Decimal sens1: ,Decimal sens2: ,Decimal sens3: ,Decimal Unix,Decimal loop counter: ,Decimal crc check: ,010314500701000000FFFFFEDD01000000641862600002BBF3,16777216,4294967005,16777216,1679319648,2,48115
Hex2String: ,Decimal sens1: ,Decimal sens2: ,Decimal sens3: ,Decimal Unix,Decimal loop counter: ,Decimal crc check: ,010314500000343B72FFFFA9370031976B641862650003CB00,3423090,4294945079,3250027,1679319653,3,51968
Hex2String: ,Decimal sens1: ,Decimal sens2: ,Decimal sens3: ,Decimal Unix,Decimal loop counter: ,Decimal crc check: ,010314500100330C39000768920029D77B64186265000382DB,3345465,485522,2742139,1679319653,3,33499
Hexstring does not start with '0103',0102000000000000000077130000273ACF6B
Hexstring does not start with '0103',01045D09127F016008740430370A370A7E08BDFF
Hex2String: ,Decimal sens1: ,Decimal sens2: ,Decimal sens3: ,Decimal Unix,Decimal loop counter: ,Decimal crc check: ,01031450020024EF47000510190020C4E4641862650003D9BB,2420551,331801,2147556,1679319653,3,55739
Hex2String: ,Decimal sens1: ,Decimal sens2: ,Decimal sens3: ,Decimal Unix,Decimal loop counter: ,Decimal crc check: ,010314500301000000FFFFF8CC010000006418626500038E77,16777216,4294965452,16777216,1679319653,3,36471
Hex2String: ,Decimal sens1: ,Decimal sens2: ,Decimal sens3: ,Decimal Unix,Decimal loop counter: ,Decimal crc check: ,010314500400074450FFE4F926002276F564186265000382AE,476240,4293196070,2258677,1679319653,3,33454
Hexstring does not start with '0103',0102000000000000000077130000273BDF4A
Hexstring does not start with '0103',01045E09117F015A086A0430370A370A7E0805E2
Hex2String: ,Decimal sens1: ,Decimal sens2: ,Decimal sens3: ,Decimal Unix,Decimal loop counter: ,Decimal crc check: ,010314500500303C86002F3BCCFFFFF987641862650003D11E,3161222,3095500,4294965639,1679319653,3,53534
Hex2String: ,Decimal sens1: ,Decimal sens2: ,Decimal sens3: ,Decimal Unix,Decimal loop counter: ,Decimal crc check: ,0103145006000D7A94FFD518C1002F547C641862650003D917,883348,4292155585,3101820,1679319653,3,55575
Hexstring does not start with '0103',01020000000000000000771300002800484C
Hexstring does not start with '0103',01045F09117F0156086A0430360A360A7E086D1B
Hexstring does not start with '0103',01020000000000000000771300002801586D
Hexstring does not start with '0103',01046009137F015B08740430360A360A8008BC1A
Hexstring does not start with '0103',01020000000000000000771300002802680E
Hexstring does not start with '0103',01046109127F015B08740430370A370A7E086C85
Hex2String: ,Decimal sens1: ,Decimal sens2: ,Decimal sens3: ,Decimal Unix,Decimal loop counter: ,Decimal crc check: ,010314500701000000FFFFFEFC010000006418626500033211,16777216,4294967036,16777216,1679319653,3,12817
Hex2String: ,Decimal sens1: ,Decimal sens2: ,Decimal sens3: ,Decimal Unix,Decimal loop counter: ,Decimal crc check: ,0103145000003469F7FFFF64BA002FE3716418626A000482DE,3434999,4294927546,3138417,1679319658,4,33502
Hex2String: ,Decimal sens1: ,Decimal sens2: ,Decimal sens3: ,Decimal Unix,Decimal loop counter: ,Decimal crc check: ,01031450010032F5860006B8BA002A46756418626A0004DB5B,3339654,440506,2770549,1679319658,4,56155
Hexstring does not start with '0103',01020000000000000000771300002803782F
Hexstring does not start with '0103',01046209137F015B08740430360A360A7E08CCBD
Hex2String: ,Decimal sens1: ,Decimal sens2: ,Decimal sens3: ,Decimal Unix,Decimal loop counter: ,Decimal crc check: ,01031450020024D3D10004C4F30020DBDA6418626A00045F9A,2413521,312563,2153434,1679319658,4,24474
Hex2String: ,Decimal sens1: ,Decimal sens2: ,Decimal sens3: ,Decimal Unix,Decimal loop counter: ,Decimal crc check: ,010314500301000000FFFFF876010000006418626A0004A671,16777216,4294965366,16777216,1679319658,4,42609
Hex2String: ,Decimal sens1: ,Decimal sens2: ,Decimal sens3: ,Decimal Unix,Decimal loop counter: ,Decimal crc check: ,010314500400074401FFE5167A0022F2406418626A0004C0D8,476161,4293203578,2290240,1679319658,4,49368
Hexstring does not start with '0103',0102000000000000000077130000280408C8
Hexstring does not start with '0103',01046309127F015C08740430370A370A7D085002
Hex2String: ,Decimal sens1: ,Decimal sens2: ,Decimal sens3: ,Decimal Unix,Decimal loop counter: ,Decimal crc check: ,0103145005002EA76E002DCB32FFFFF9646418626A00046598,3057518,3001138,4294965604,1679319658,4,26008
Hex2String: ,Decimal sens1: ,Decimal sens2: ,Decimal sens3: ,Decimal Unix,Decimal loop counter: ,Decimal crc check: ,0103145006000B7B56FFD480DE002FEF926418626A000426C6,752470,4292116702,3141522,1679319658,4,9926
Hexstring does not start with '0103',0102000000000000000077130000280518E9
Hexstring does not start with '0103',01046409127F015A08740430380A380A7D08D884
Hexstring does not start with '0103',01020000000000000000771300002806288A
Hexstring does not start with '0103',01046509117F015C086A0430380A380A7C081F4F
Hexstring does not start with '0103',0102000000000000000077130000280738AB
Hexstring does not start with '0103',01046609117F0155086A0430370A370A7D08AF19
Hex2String: ,Decimal sens1: ,Decimal sens2: ,Decimal sens3: ,Decimal Unix,Decimal loop counter: ,Decimal crc check: ,010314500701000000FFFFFEC4010000006418626A0004330E,16777216,4294966980,16777216,1679319658,4,13070
Hex2String: ,Decimal sens1: ,Decimal sens2: ,Decimal sens3: ,Decimal Unix,Decimal loop counter: ,Decimal crc check: ,0103145000002F8C27FFFE4B1F002E7DC06418626F000566FE,3116071,4294855455,3046848,1679319663,5,26366
Hex2String: ,Decimal sens1: ,Decimal sens2: ,Decimal sens3: ,Decimal Unix,Decimal loop counter: ,Decimal crc check: ,01031450010032CDE80006AEF10029FE836418626F0005B693,3329512,438001,2752131,1679319663,5,46739
Hexstring does not start with '0103',01020000000000000000771300002808C944
Hexstring does not start with '0103',01046709107F015B08740430360A360A7D083CBB
Hex2String: ,Decimal sens1: ,Decimal sens2: ,Decimal sens3: ,Decimal Unix,Decimal loop counter: ,Decimal crc check: ,01031450020024E72100048C6F002117496418626F0005B071,2418465,298095,2168649,1679319663,5,45169
Hex2String: ,Decimal sens1: ,Decimal sens2: ,Decimal sens3: ,Decimal Unix,Decimal loop counter: ,Decimal crc check: ,010314500301000000FFFFF96F010000006418626F0005712F,16777216,4294965615,16777216,1679319663,5,28975
Hex2String: ,Decimal sens1: ,Decimal sens2: ,Decimal sens3: ,Decimal Unix,Decimal loop counter: ,Decimal crc check: ,0103145004000745B7FFE3D05F002300596418626F000527B5,476599,4293120095,2293849,1679319663,5,10165
Hexstring does not start with '0103',01020000000000000000771300002809D965
Hexstring does not start with '0103',01046809117F015F087E0430360A360A7D08801F
Hex2String: ,Decimal sens1: ,Decimal sens2: ,Decimal sens3: ,Decimal Unix,Decimal loop counter: ,Decimal crc check: ,0103145005002EA42C002D3BD8FFFFF8DC6418626F00057CF7,3056684,2964440,4294965468,1679319663,5,31991
Hex2String: ,Decimal sens1: ,Decimal sens2: ,Decimal sens3: ,Decimal Unix,Decimal loop counter: ,Decimal crc check: ,0103145006000C153CFFDA12BC002EB1896418626F0005FA0E,791868,4292481724,3060105,1679319663,5,64014
Hexstring does not start with '0103',0102000000000000000077130000280AE906
Hexstring does not start with '0103',01046909127F015E087E0430360A360A7C084EE0
Hexstring does not start with '0103',0102000000000000000077130000280BF927
Hexstring does not start with '0103',01046A09127F015F087E0430340A340A7C0818CC
Hexstring does not start with '0103',0102000000000000000077130000280C89C0
Hexstring does not start with '0103',01046B09127F016008740430330A330A7D088159
Hex2String: ,Decimal sens1: ,Decimal sens2: ,Decimal sens3: ,Decimal Unix,Decimal loop counter: ,Decimal crc check: ,010314500701000000FFFFFDC0010000006418626F00059C07,16777216,4294966720,16777216,1679319663,5,39943
Hex2String: ,Decimal sens1: ,Decimal sens2: ,Decimal sens3: ,Decimal Unix,Decimal loop counter: ,Decimal crc check: ,01031450000031177EFFFEF2D3002FB96D64186274000634FB,3217278,4294898387,3127661,1679319668,6,13563
Hex2String: ,Decimal sens1: ,Decimal sens2: ,Decimal sens3: ,Decimal Unix,Decimal loop counter: ,Decimal crc check: ,01031450010033380400078F320029F1B06418627400067637,3356676,495410,2748848,1679319668,6,30263
Hexstring does not start with '0103',0102000000000000000077130000280D99E1
Hexstring does not start with '0103',01046C09137F016008740430340A340A7D080BCB
Hex2String: ,Decimal sens1: ,Decimal sens2: ,Decimal sens3: ,Decimal Unix,Decimal loop counter: ,Decimal crc check: ,0103145002002583F300053D660020F653641862740006C3B8,2458611,343398,2160211,1679319668,6,50104
Hex2String: ,Decimal sens1: ,Decimal sens2: ,Decimal sens3: ,Decimal Unix,Decimal loop counter: ,Decimal crc check: ,010314500301000000FFFFF91B01000000641862740006180B,16777216,4294965531,16777216,1679319668,6,6155
Hex2String: ,Decimal sens1: ,Decimal sens2: ,Decimal sens3: ,Decimal Unix,Decimal loop counter: ,Decimal crc check: ,01031450040007448EFFE5056C0022E9966418627400062E6E,476302,4293199212,2288022,1679319668,6,11886
Hexstring does not start with '0103',0102000000000000000077130000280EA982
Hexstring does not start with '0103',01046D09137F0166087E0430360A360A7D08DBAB
Hex2String: ,Decimal sens1: ,Decimal sens2: ,Decimal sens3: ,Decimal Unix,Decimal loop counter: ,Decimal crc check: ,0103145005002E231D002D5402FFFFF94C64186274000603A7,3023645,2970626,4294965580,1679319668,6,935
Hex2String: ,Decimal sens1: ,Decimal sens2: ,Decimal sens3: ,Decimal Unix,Decimal loop counter: ,Decimal crc check: ,0103145006000AAD92FFD4D30E002F267D6418627400067BDA,699794,4292137742,3090045,1679319668,6,31706
Hexstring does not start with '0103',0102000000000000000077130000280FB9A3
Hexstring does not start with '0103',01046E09127F016A087E0430370A370A7D08885A
Hexstring does not start with '0103',010200000000000000007713000028105A7D
Hexstring does not start with '0103',01046F09137F0171087E0430380A380A7E0890E8
Hexstring does not start with '0103',010200000000000000007713000028114A5C
Hexstring does not start with '0103',01047009147F0176087E0430370A370A7E0882AE
Hex2String: ,Decimal sens1: ,Decimal sens2: ,Decimal sens3: ,Decimal Unix,Decimal loop counter: ,Decimal crc check: ,010314500701000000FFFFFE99010000006418627400067146,16777216,4294966937,16777216,1679319668,6,28998
Hex2String: ,Decimal sens1: ,Decimal sens2: ,Decimal sens3: ,Decimal Unix,Decimal loop counter: ,Decimal crc check: ,0103145000002EF03BFFFF200F002D9A99641862790007CB36,3076155,4294909967,2988697,1679319673,7,52022
Hex2String: ,Decimal sens1: ,Decimal sens2: ,Decimal sens3: ,Decimal Unix,Decimal loop counter: ,Decimal crc check: ,010314500100331C28000728BA002A26786418627900071D0D,3349544,469178,2762360,1679319673,7,7437
Hexstring does not start with '0103',010200000000000000007713000028127A3F
Hexstring does not start with '0103',01047109147F0173087E0430370A370A8008934A
Hex2String: ,Decimal sens1: ,Decimal sens2: ,Decimal sens3: ,Decimal Unix,Decimal loop counter: ,Decimal crc check: ,01031450020025144F0004FB450021129D641862790007D281,2430031,326469,2167453,1679319673,7,53889
Hex2String: ,Decimal sens1: ,Decimal sens2: ,Decimal sens3: ,Decimal Unix,Decimal loop counter: ,Decimal crc check: ,010314500301000000FFFFF97F01000000641862790007F593,16777216,4294965631,16777216,1679319673,7,62867
Hex2String: ,Decimal sens1: ,Decimal sens2: ,Decimal sens3: ,Decimal Unix,Decimal loop counter: ,Decimal crc check: ,010314500400074489FFE3F37100239B3E641862790007525B,476297,4293129073,2333502,1679319673,7,21083
Hexstring does not start with '0103',010200000000000000007713000028136A1E
Hexstring does not start with '0103',01047209147F017708880430370A370A7E08546F
Hex2String: ,Decimal sens1: ,Decimal sens2: ,Decimal sens3: ,Decimal Unix,Decimal loop counter: ,Decimal crc check: ,0103145005002E7C84002D59DFFFFFF8E26418627900070251,3046532,2972127,4294965474,1679319673,7,593
Hex2String: ,Decimal sens1: ,Decimal sens2: ,Decimal sens3: ,Decimal Unix,Decimal loop counter: ,Decimal crc check: ,0103145006000A1ACAFFD46F8B002F33906418627900070DF6,662218,4292112267,3093392,1679319673,7,3574
Hexstring does not start with '0103',010200000000000000007713000028141AF9
Hexstring does not start with '0103',01047309157F017E08880430380A380A8208BAAC
Hexstring does not start with '0103',010200000000000000007713000028150AD8
Hexstring does not start with '0103',01047409127F0188089C0430390A390A82089DFC
Hexstring does not start with '0103',010200000000000000007713000028163ABB
Hexstring does not start with '0103',01047509127F018D08920430390A390A84086507
Hex2String: ,Decimal sens1: ,Decimal sens2: ,Decimal sens3: ,Decimal Unix,Decimal loop counter: ,Decimal crc check: ,010314500701000000FFFFFE850100000064186279000785C2,16777216,4294966917,16777216,1679319673,7,34242
Hex2String: ,Decimal sens1: ,Decimal sens2: ,Decimal sens3: ,Decimal Unix,Decimal loop counter: ,Decimal crc check: ,0103145000002DE9E9FFFF98E7002D5F196418627E0008ACE8,3009001,4294940903,2973465,1679319678,8,44264
Hex2String: ,Decimal sens1: ,Decimal sens2: ,Decimal sens3: ,Decimal Unix,Decimal loop counter: ,Decimal crc check: ,010314500100333D1C0007390B002A450E6418627E00083566,3357980,473355,2770190,1679319678,8,13670
Hexstring does not start with '0103',010200000000000000007713000028172A9A
Hexstring does not start with '0103',01047609117F018F08920430390A390A8408A05A
Hex2String: ,Decimal sens1: ,Decimal sens2: ,Decimal sens3: ,Decimal Unix,Decimal loop counter: ,Decimal crc check: ,0103145002002522D30004481000219C0F6418627E000854ED,2433747,280592,2202639,1679319678,8,21741
Hex2String: ,Decimal sens1: ,Decimal sens2: ,Decimal sens3: ,Decimal Unix,Decimal loop counter: ,Decimal crc check: ,010314500301000000FFFFF9A3010000006418627E0008EA67,16777216,4294965667,16777216,1679319678,8,60007
Hex2String: ,Decimal sens1: ,Decimal sens2: ,Decimal sens3: ,Decimal Unix,Decimal loop counter: ,Decimal crc check: ,0103145004000744BCFFE5E66D00220A9D6418627E0008A1D2,476348,4293256813,2230941,1679319678,8,41426
Hexstring does not start with '0103',01020000000000000000771300002818DB75
Hexstring does not start with '0103',01047709117F0199088804303A0A3A0A8608238F
Hex2String: ,Decimal sens1: ,Decimal sens2: ,Decimal sens3: ,Decimal Unix,Decimal loop counter: ,Decimal crc check: ,0103145005002E22E7002D33E3FFFFF9DE6418627E0008B213,3023591,2962403,4294965726,1679319678,8,45587
Hex2String: ,Decimal sens1: ,Decimal sens2: ,Decimal sens3: ,Decimal Unix,Decimal loop counter: ,Decimal crc check: ,0103145006000ACC16FFD67415002DD49D6418627E00082507,707606,4292244501,3003549,1679319678,8,9479
Hexstring does not start with '0103',01020000000000000000771300002819CB54
Hexstring does not start with '0103',01047809117F018F087404303A0A3A0A88087C2A
Hexstring does not start with '0103',0102000000000000000077130000281AFB37
Hexstring does not start with '0103',01047909147F0186087404303A0A3A0A8808280D
Hexstring does not start with '0103',0102000000000000000077130000281BEB16
Hexstring does not start with '0103',01047A09117F017D087404303B0A3B0A8908AEED
Hex2String: ,Decimal sens1: ,Decimal sens2: ,Decimal sens3: ,Decimal Unix,Decimal loop counter: ,Decimal crc check: ,010314500701000000FFFFFE94010000006418627E00087CC9,16777216,4294966932,16777216,1679319678,8,31945
Hex2String: ,Decimal sens1: ,Decimal sens2: ,Decimal sens3: ,Decimal Unix,Decimal loop counter: ,Decimal crc check: ,0103145000002F0F89FFFF37D1002D88686418628300099D49,3084169,4294916049,2984040,1679319683,9,40265
Hex2String: ,Decimal sens1: ,Decimal sens2: ,Decimal sens3: ,Decimal Unix,Decimal loop counter: ,Decimal crc check: ,01031450010032F51B00072F980029F04F6418628300095AC4,3339547,470936,2748495,1679319683,9,23236
Hexstring does not start with '0103',0102000000000000000077130000281C9BF1
Hexstring does not start with '0103',01047B09137F017B087404303C0A3C0A8A08CDC0
Hex2String: ,Decimal sens1: ,Decimal sens2: ,Decimal sens3: ,Decimal Unix,Decimal loop counter: ,Decimal crc check: ,01031450020024FBEA0004E0B80020F031641862830009F326,2423786,319672,2158641,1679319683,9,62246
Hex2String: ,Decimal sens1: ,Decimal sens2: ,Decimal sens3: ,Decimal Unix,Decimal loop counter: ,Decimal crc check: ,010314500301000000FFFFF8FD010000006418628300091AA2,16777216,4294965501,16777216,1679319683,9,6818
Hex2String: ,Decimal sens1: ,Decimal sens2: ,Decimal sens3: ,Decimal Unix,Decimal loop counter: ,Decimal crc check: ,010314500400074348FFE4015B0023909C6418628300091689,475976,4293132635,2330780,1679319683,9,5769
Hexstring does not start with '0103',0102000000000000000077130000281D8BD0
Hexstring does not start with '0103',01047C09157F0179087404303C0A3C0A8A080E8B
Hex2String: ,Decimal sens1: ,Decimal sens2: ,Decimal sens3: ,Decimal Unix,Decimal loop counter: ,Decimal crc check: ,0103145005002D3FE5002C2729FFFFFA1B64186283000912D5,2965477,2893609,4294965787,1679319683,9,4821
Hex2String: ,Decimal sens1: ,Decimal sens2: ,Decimal sens3: ,Decimal Unix,Decimal loop counter: ,Decimal crc check: ,0103145006000A8922FFD727BE002CF9596418628300095A63,690466,4292290494,2947417,1679319683,9,23139
Hexstring does not start with '0103',0102000000000000000077130000281EBBB3
Hexstring does not start with '0103',01047D09147F017B086A04303C0A3C0A8D08C463
Hexstring does not start with '0103',0102000000000000000077130000281FAB92
Hexstring does not start with '0103',01047E09157F0177086A04303C0A3C0A8D08A486
Hexstring does not start with '0103',010200000000000000007713000028206C2E
Hexstring does not start with '0103',01047F09147F0179086A04303C0A3C0A8D0824B9
Hex2String: ,Decimal sens1: ,Decimal sens2: ,Decimal sens3: ,Decimal Unix,Decimal loop counter: ,Decimal crc check: ,010314500701000000FFFFFEFF01000000641862830009F930,16777216,4294967039,16777216,1679319683,9,63792
Hex2String: ,Decimal sens1: ,Decimal sens2: ,Decimal sens3: ,Decimal Unix,Decimal loop counter: ,Decimal crc check: ,0103145000002F4EA7FFFF09CD002DFB5864186288000ADB8B,3100327,4294904269,3013464,1679319688,10,56203
Hex2String: ,Decimal sens1: ,Decimal sens2: ,Decimal sens3: ,Decimal Unix,Decimal loop counter: ,Decimal crc check: ,01031450010032EA17000747630029EFF964186288000A8B92,3336727,477027,2748409,1679319688,10,35730
Hexstring does not start with '0103',010200000000000000007713000028217C0F
Hexstring does not start with '0103',01048009127F0181087404303C0A3C0A8E0852EF
Hex2String: ,Decimal sens1: ,Decimal sens2: ,Decimal sens3: ,Decimal Unix,Decimal loop counter: ,Decimal crc check: ,010314500200251CEE0004CD0900211B6764186288000AC13C,2432238,314633,2169703,1679319688,10,49468
Hex2String: ,Decimal sens1: ,Decimal sens2: ,Decimal sens3: ,Decimal Unix,Decimal loop counter: ,Decimal crc check: ,010314500301000000FFFFF8E60100000064186288000A5579,16777216,4294965478,16777216,1679319688,10,21881
Hex2String: ,Decimal sens1: ,Decimal sens2: ,Decimal sens3: ,Decimal Unix,Decimal loop counter: ,Decimal crc check: ,01031450040007441DFFE53E180022D99964186288000AE14B,476189,4293213720,2283929,1679319688,10,57675
Hexstring does not start with '0103',010200000000000000007713000028224C6C
Hexstring does not start with '0103',01048109127F018F087404303D0A3D0A9008BAD9
Hex2String: ,Decimal sens1: ,Decimal sens2: ,Decimal sens3: ,Decimal Unix,Decimal loop counter: ,Decimal crc check: ,0103145005002DF19C002CEFF8FFFFF9E064186288000A778E,3010972,2945016,4294965728,1679319688,10,30606
Hex2String: ,Decimal sens1: ,Decimal sens2: ,Decimal sens3: ,Decimal Unix,Decimal loop counter: ,Decimal crc check: ,0103145006000C9644FFD7072D002DBBC064186288000A2C0D,824900,4292282157,2997184,1679319688,10,11277
Hexstring does not start with '0103',010200000000000000007713000028235C4D
Hexstring does not start with '0103',01048209137F019A086A04303F0A3F0A91088056
Hexstring does not start with '0103',010200000000000000007713000028242CAA
Hexstring does not start with '0103',01048309117F01A3086A04303F0A3F0A9408A4C5
Hexstring does not start with '0103',010200000000000000007713000028253C8B
Hexstring does not start with '0103',01048409137F01A4086A04303E0A3E0A95081300
Hex2String: ,Decimal sens1: ,Decimal sens2: ,Decimal sens3: ,Decimal Unix,Decimal loop counter: ,Decimal crc check: ,010314500701000000FFFFFF0B0100000064186288000A59A8,16777216,4294967051,16777216,1679319688,10,22952
Hex2String: ,Decimal sens1: ,Decimal sens2: ,Decimal sens3: ,Decimal Unix,Decimal loop counter: ,Decimal crc check: ,0103145000002E1C6DFFFF13C6002CA1046418628D000B32D5,3021933,4294906822,2924804,1679319693,11,13013
Hex2String: ,Decimal sens1: ,Decimal sens2: ,Decimal sens3: ,Decimal Unix,Decimal loop counter: ,Decimal crc check: ,010314500100331E54000704F3002A49E46418628D000B3A47,3350100,460019,2771428,1679319693,11,14919
Hexstring does not start with '0103',010200000000000000007713000028260CE8
Hexstring does not start with '0103',01048509137F01A8086A04303D0A3D0A94082EE0
Hex2String: ,Decimal sens1: ,Decimal sens2: ,Decimal sens3: ,Decimal Unix,Decimal loop counter: ,Decimal crc check: ,010314500200250B040004C843002109966418628D000B9549,2427652,313411,2165142,1679319693,11,38217
Hex2String: ,Decimal sens1: ,Decimal sens2: ,Decimal sens3: ,Decimal Unix,Decimal loop counter: ,Decimal crc check: ,010314500301000000FFFFF8DA010000006418628D000BA226,16777216,4294965466,16777216,1679319693,11,41510
Hex2String: ,Decimal sens1: ,Decimal sens2: ,Decimal sens3: ,Decimal Unix,Decimal loop counter: ,Decimal crc check: ,01031450040007448FFFE37A5D0024044E6418628D000BBDDC,476303,4293098077,2360398,1679319693,11,48604
Hexstring does not start with '0103',010200000000000000007713000028271CC9
Hexstring does not start with '0103',01048609137F0198086004303E0A3E0A9508B07F
Hex2String: ,Decimal sens1: ,Decimal sens2: ,Decimal sens3: ,Decimal Unix,Decimal loop counter: ,Decimal crc check: ,0103145005002DE290002CBC80FFFFF9F86418628D000BA9AA,3007120,2931840,4294965752,1679319693,11,43434
Hex2String: ,Decimal sens1: ,Decimal sens2: ,Decimal sens3: ,Decimal Unix,Decimal loop counter: ,Decimal crc check: ,0103145006000B0116FFD5BFA7002F164F6418628D000B119E,721174,4292198311,3085903,1679319693,11,4510
Hexstring does not start with '0103',01020000000000000000771300002828ED26
Hexstring does not start with '0103',01048709147F0188086004303E0A3E0A95083D60
Hexstring does not start with '0103',01020000000000000000771300002829FD07
Hexstring does not start with '0103',01048809137F017C086004303D0A3D0A9508023F
Hexstring does not start with '0103',0102000000000000000077130000282ACD64
Hexstring does not start with '0103',01048909137F0173086004303D0A3D0A95082128
Hex2String: ,Decimal sens1: ,Decimal sens2: ,Decimal sens3: ,Decimal Unix,Decimal loop counter: ,Decimal crc check: ,010314500701000000FFFFFF2B010000006418628D000B0803,16777216,4294967083,16777216,1679319693,11,2051
Hex2String: ,Decimal sens1: ,Decimal sens2: ,Decimal sens3: ,Decimal Unix,Decimal loop counter: ,Decimal crc check: ,0103145000002E7E4DFFFF0B71002CAE3064186292000C0800,3046989,4294904689,2928176,1679319698,12,2048
Hex2String: ,Decimal sens1: ,Decimal sens2: ,Decimal sens3: ,Decimal Unix,Decimal loop counter: ,Decimal crc check: ,010314500100330253000727AD002A423164186292000C28F3,3342931,468909,2769457,1679319698,12,10483
Hexstring does not start with '0103',0102000000000000000077130000282BDD45
Hexstring does not start with '0103',01048A09127F0170086004303D0A3D0A9808BCA2
Hex2String: ,Decimal sens1: ,Decimal sens2: ,Decimal sens3: ,Decimal Unix,Decimal loop counter: ,Decimal crc check: ,01031450020024CCFF0004AA5A0020F4F364186292000CBFBA,2411775,305754,2159859,1679319698,12,49082
Hex2String: ,Decimal sens1: ,Decimal sens2: ,Decimal sens3: ,Decimal Unix,Decimal loop counter: ,Decimal crc check: ,010314500301000000FFFFF9480100000064186292000CC2C2,16777216,4294965576,16777216,1679319698,12,49858
Hex2String: ,Decimal sens1: ,Decimal sens2: ,Decimal sens3: ,Decimal Unix,Decimal loop counter: ,Decimal crc check: ,0103145004000743D7FFE4E3CA00226CBD64186292000C0DCE,476119,4293190602,2256061,1679319698,12,3534
Hexstring does not start with '0103',0102000000000000000077130000282CADA2
Hexstring does not start with '0103',01048B09117F0172086004303D0A3D0A95084FCA
Hex2String: ,Decimal sens1: ,Decimal sens2: ,Decimal sens3: ,Decimal Unix,Decimal loop counter: ,Decimal crc check: ,0103145005002DBDE1002C58B8FFFFFA5064186292000CE0C7,2997729,2906296,4294965840,1679319698,12,57543
Hex2String: ,Decimal sens1: ,Decimal sens2: ,Decimal sens3: ,Decimal Unix,Decimal loop counter: ,Decimal crc check: ,0103145006000C5291FFD7BE87002E003A64186292000C9F3C,807569,4292329095,3014714,1679319698,12,40764
Hexstring does not start with '0103',0102000000000000000077130000282DBD83
Hexstring does not start with '0103',01048C09137F0171085604303E0A3E0A950852DB
Hexstring does not start with '0103',0102000000000000000077130000282E8DE0
Hexstring does not start with '0103',01048D09147F0175085604303E0A3E0A9708BDDC
Hexstring does not start with '0103',0102000000000000000077130000282F9DC1
Hexstring does not start with '0103',01048E09137F0172085604303E0A3E0A97080C2A
Hex2String: ,Decimal sens1: ,Decimal sens2: ,Decimal sens3: ,Decimal Unix,Decimal loop counter: ,Decimal crc check: ,010314500701000000FFFFFF540100000064186292000C2717,16777216,4294967124,16777216,1679319698,12,10007
Hex2String: ,Decimal sens1: ,Decimal sens2: ,Decimal sens3: ,Decimal Unix,Decimal loop counter: ,Decimal crc check: ,0103145000002D9A32FFFF1BE7002CF42564186297000D28DA,2988594,4294908903,2946085,1679319703,13,10458
Hex2String: ,Decimal sens1: ,Decimal sens2: ,Decimal sens3: ,Decimal Unix,Decimal loop counter: ,Decimal crc check: ,010314500100332A1600072EA4002A57FD64186297000DA89A,3353110,470692,2775037,1679319703,13,43162
Hexstring does not start with '0103',010200000000000000007713000028307E1F
Hexstring does not start with '0103',01048F09137F0177085604303F0A3F0A97081E14
Hex2String: ,Decimal sens1: ,Decimal sens2: ,Decimal sens3: ,Decimal Unix,Decimal loop counter: ,Decimal crc check: ,01031450020025352A0004ED2C00213ACC64186297000D3BDA,2438442,322860,2177740,1679319703,13,15322
Hex2String: ,Decimal sens1: ,Decimal sens2: ,Decimal sens3: ,Decimal Unix,Decimal loop counter: ,Decimal crc check: ,010314500301000000FFFFF8B40100000064186297000DFB97,16777216,4294965428,16777216,1679319703,13,64407
Hex2String: ,Decimal sens1: ,Decimal sens2: ,Decimal sens3: ,Decimal Unix,Decimal loop counter: ,Decimal crc check: ,010314500400074370FFE490AA0023300964186297000D2A4C,476016,4293169322,2306057,1679319703,13,10828
Hexstring does not start with '0103',010200000000000000007713000028316E3E
Hexstring does not start with '0103',01049009127F017B085604303F0A3F0A9708CCAC
Hex2String: ,Decimal sens1: ,Decimal sens2: ,Decimal sens3: ,Decimal Unix,Decimal loop counter: ,Decimal crc check: ,0103145005002E35E3002D31CEFFFFFA3E64186297000D5BB7,3028451,2961870,4294965822,1679319703,13,23479
Hex2String: ,Decimal sens1: ,Decimal sens2: ,Decimal sens3: ,Decimal Unix,Decimal loop counter: ,Decimal crc check: ,0103145006000B2F92FFD74664002D770B64186297000DB4D9,733074,4292298340,2979595,1679319703,13,46297
Hexstring does not start with '0103',010200000000000000007713000028325E5D
Hexstring does not start with '0103',01049109137F017A086004303F0A3F0A9708692A
Hexstring does not start with '0103',010200000000000000007713000028334E7C
Hexstring does not start with '0103',01049209137F017D087E0430410A410A9708AD43
Hexstring does not start with '0103',010200000000000000007713000028343E9B
Hexstring does not start with '0103',01049309127F017A08920430420A420A9708F000
Hex2String: ,Decimal sens1: ,Decimal sens2: ,Decimal sens3: ,Decimal Unix,Decimal loop counter: ,Decimal crc check: ,010314500701000000FFFFFF3A0100000064186297000D6113,16777216,4294967098,16777216,1679319703,13,24851
Hex2String: ,Decimal sens1: ,Decimal sens2: ,Decimal sens3: ,Decimal Unix,Decimal loop counter: ,Decimal crc check: ,0103145000002E66F6FFFF3DCC002D1BBC6418629C000EACD1,3041014,4294917580,2956220,1679319708,14,44241
Hex2String: ,Decimal sens1: ,Decimal sens2: ,Decimal sens3: ,Decimal Unix,Decimal loop counter: ,Decimal crc check: ,01031450010032CFF400071B11002A7B446418629C000E2752,3330036,465681,2784068,1679319708,14,10066
Hexstring does not start with '0103',010200000000000000007713000028352EBA
Hexstring does not start with '0103',01049409147F017908880430420A420A9808475A
Hex2String: ,Decimal sens1: ,Decimal sens2: ,Decimal sens3: ,Decimal Unix,Decimal loop counter: ,Decimal crc check: ,01031450020024E2C9000447D5002180506418629C000E5138,2417353,280533,2195536,1679319708,14,20792
Hex2String: ,Decimal sens1: ,Decimal sens2: ,Decimal sens3: ,Decimal Unix,Decimal loop counter: ,Decimal crc check: ,010314500301000000FFFFF8CC010000006418629C000E2219,16777216,4294965452,16777216,1679319708,14,8729
Hex2String: ,Decimal sens1: ,Decimal sens2: ,Decimal sens3: ,Decimal Unix,Decimal loop counter: ,Decimal crc check: ,010314500400074336FFE4B01C0022D7846418629C000EE2F4,475958,4293177372,2283396,1679319708,14,58100
Hexstring does not start with '0103',010200000000000000007713000028361ED9
Hexstring does not start with '0103',01049509147F017B087E0430430A430A97082206
Hex2String: ,Decimal sens1: ,Decimal sens2: ,Decimal sens3: ,Decimal Unix,Decimal loop counter: ,Decimal crc check: ,0103145005002DED7A002CADE0FFFFFA3C6418629C000ED8F9,3009914,2928096,4294965820,1679319708,14,55545
Hex2String: ,Decimal sens1: ,Decimal sens2: ,Decimal sens3: ,Decimal Unix,Decimal loop counter: ,Decimal crc check: ,0103145006000B7D5EFFD7870D002D29D16418629C000E5E45,752990,4292314893,2959825,1679319708,14,24133
Hexstring does not start with '0103',010200000000000000007713000028370EF8
Hexstring does not start with '0103',01049609127F017C08740430450A450A9508CB13
Hexstring does not start with '0103',01020000000000000000771300002838FF17
Hexstring does not start with '0103',01049709127F0176087E0430450A450A95088E92
Hexstring does not start with '0103',01020000000000000000771300002839EF36
Hexstring does not start with '0103',01049809137F016A086A0430450A450A9508E50C
Hex2String: ,Decimal sens1: ,Decimal sens2: ,Decimal sens3: ,Decimal Unix,Decimal loop counter: ,Decimal crc check: ,010314500701000000FFFFFF49010000006418629C000E62E9,16777216,4294967113,16777216,1679319708,14,25321
Hex2String: ,Decimal sens1: ,Decimal sens2: ,Decimal sens3: ,Decimal Unix,Decimal loop counter: ,Decimal crc check: ,0103145000002DEE4CFFFF29EA002C07CD641862A1000F64EC,3010124,4294912490,2885581,1679319713,15,25836
Hex2String: ,Decimal sens1: ,Decimal sens2: ,Decimal sens3: ,Decimal Unix,Decimal loop counter: ,Decimal crc check: ,01031450010032C1960006F1EB002A0CFA641862A1000F5DF0,3326358,455147,2755834,1679319713,15,24048
Hexstring does not start with '0103',0102000000000000000077130000283ADF55
Hexstring does not start with '0103',01049909147F0165086A0430450A450A9408852C
Hex2String: ,Decimal sens1: ,Decimal sens2: ,Decimal sens3: ,Decimal Unix,Decimal loop counter: ,Decimal crc check: ,01031450020024E5DA00052D730020CF17641862A1000F3AA1,2418138,339315,2150167,1679319713,15,15009
Hex2String: ,Decimal sens1: ,Decimal sens2: ,Decimal sens3: ,Decimal Unix,Decimal loop counter: ,Decimal crc check: ,010314500301000000FFFFF80101000000641862A1000F5333,16777216,4294965249,16777216,1679319713,15,21299
Hex2String: ,Decimal sens1: ,Decimal sens2: ,Decimal sens3: ,Decimal Unix,Decimal loop counter: ,Decimal crc check: ,010314500400074375FFE5076600229F8B641862A1000FD938,476021,4293199718,2269067,1679319713,15,55608
Hexstring does not start with '0103',0102000000000000000077130000283BCF74
Hexstring does not start with '0103',01049A09137F016D08C40430450A450A9508E7E1
Hex2String: ,Decimal sens1: ,Decimal sens2: ,Decimal sens3: ,Decimal Unix,Decimal loop counter: ,Decimal crc check: ,0103145005002DAFDD002CFA05FFFFFB14641862A1000F8424,2994141,2947589,4294966036,1679319713,15,33828
Hex2String: ,Decimal sens1: ,Decimal sens2: ,Decimal sens3: ,Decimal Unix,Decimal loop counter: ,Decimal crc check: ,0103145006000CCEEFFFD866DC002D8E26641862A1000FFB2C,839407,4292372188,2985510,1679319713,15,64300
Hexstring does not start with '0103',010200000000000000007713000029007B7D
Hexstring does not start with '0103',01049B09157F017608CE0430470A470A9508425B
Hexstring does not start with '0103',010200000000000000007713000029016B5C
Hexstring does not start with '0103',01049C09147F017908CE0430460A460A9408DAB3
Hexstring does not start with '0103',010200000000000000007713000029025B3F
Hexstring does not start with '0103',01049D09137F017408B00430470A470A93085B3E
Hex2String: ,Decimal sens1: ,Decimal sens2: ,Decimal sens3: ,Decimal Unix,Decimal loop counter: ,Decimal crc check: ,010314500701000000FFFFFFA501000000641862A1000F61F0,16777216,4294967205,16777216,1679319713,15,25072
Hex2String: ,Decimal sens1: ,Decimal sens2: ,Decimal sens3: ,Decimal Unix,Decimal loop counter: ,Decimal crc check: ,0103145000002DF4BAFFFEAD32002D14C7641862A600103EDC,3011770,4294880562,2954439,1679319718,16,16092
Hex2String: ,Decimal sens1: ,Decimal sens2: ,Decimal sens3: ,Decimal Unix,Decimal loop counter: ,Decimal crc check: ,01031450010032DAEC00073F05002A0323641862A60010D77C,3332844,474885,2753315,1679319718,16,55164
Hexstring does not start with '0103',010200000000000000007713000029034B1E
Hexstring does not start with '0103',01049E09137F017208B00430470A470A9408DB10
Hex2String: ,Decimal sens1: ,Decimal sens2: ,Decimal sens3: ,Decimal Unix,Decimal loop counter: ,Decimal crc check: ,0103145002002518F0000521060020E166641862A600109E28,2431216,336134,2154854,1679319718,16,40488
Hex2String: ,Decimal sens1: ,Decimal sens2: ,Decimal sens3: ,Decimal Unix,Decimal loop counter: ,Decimal crc check: ,010314500301000000FFFFF8B801000000641862A600103957,16777216,4294965432,16777216,1679319718,16,14679
Hex2String: ,Decimal sens1: ,Decimal sens2: ,Decimal sens3: ,Decimal Unix,Decimal loop counter: ,Decimal crc check: ,0103145004000743AEFFE49F1F0022B2EC641862A60010CEBA,476078,4293173023,2274028,1679319718,16,52922
Hexstring does not start with '0103',010200000000000000007713000029043BF9
Hexstring does not start with '0103',01049F09137F017408C40430470A470A91084A01
Hex2String: ,Decimal sens1: ,Decimal sens2: ,Decimal sens3: ,Decimal Unix,Decimal loop counter: ,Decimal crc check: ,0103145005002DE895002CABF2FFFFFADE641862A600103BF9,3008661,2927602,4294965982,1679319718,16,15353
Hex2String: ,Decimal sens1: ,Decimal sens2: ,Decimal sens3: ,Decimal Unix,Decimal loop counter: ,Decimal crc check: ,0103145006000F59AEFFDA6A22002D7514641862A6001034E1,1005998,4292504098,2979092,1679319718,16,13537
Hexstring does not start with '0103',010200000000000000007713000029052BD8
Hexstring does not start with '0103',0104A009137F017008A60430480A480A93084E8F
Hexstring does not start with '0103',010200000000000000007713000029061BBB
Hexstring does not start with '0103',0104A109147F016B08920430490A490A9008174E
Hexstring does not start with '0103',010200000000000000007713000029070B9A
Hexstring does not start with '0103',0104A209137F0168089C0430490A490A90088488
Hex2String: ,Decimal sens1: ,Decimal sens2: ,Decimal sens3: ,Decimal Unix,Decimal loop counter: ,Decimal crc check: ,010314500701000000FFFFFFA601000000641862A600107F44,16777216,4294967206,16777216,1679319718,16,32580
Hex2String: ,Decimal sens1: ,Decimal sens2: ,Decimal sens3: ,Decimal Unix,Decimal loop counter: ,Decimal crc check: ,0103145000002E227AFFFEC9A4002D609A641862AB001168D2,3023482,4294887844,2973850,1679319723,17,26834
Hex2String: ,Decimal sens1: ,Decimal sens2: ,Decimal sens3: ,Decimal Unix,Decimal loop counter: ,Decimal crc check: ,01031450010032CB3500071A5B002A1137641862AB0011D136,3328821,465499,2756919,1679319723,17,53558
Hexstring does not start with '0103',01020000000000000000771300002908FA75
Hexstring does not start with '0103',0104A309137F017208A60430490A490A93083565
Hex2String: ,Decimal sens1: ,Decimal sens2: ,Decimal sens3: ,Decimal Unix,Decimal loop counter: ,Decimal crc check: ,0103145002002507DE0004DCA800211D7A641862AB001126AA,2426846,318632,2170234,1679319723,17,9898
Hex2String: ,Decimal sens1: ,Decimal sens2: ,Decimal sens3: ,Decimal Unix,Decimal loop counter: ,Decimal crc check: ,010314500301000000FFFFF84C01000000641862AB00110858,16777216,4294965324,16777216,1679319723,17,2136
Hex2String: ,Decimal sens1: ,Decimal sens2: ,Decimal sens3: ,Decimal Unix,Decimal loop counter: ,Decimal crc check: ,01031450040007441DFFE4B3B20022B33B641862AB0011FF89,476189,4293178290,2274107,1679319723,17,65417
Hexstring does not start with '0103',01020000000000000000771300002909EA54
Hexstring does not start with '0103',0104A409147F0184089C0430490A490A9308F5AA
Hex2String: ,Decimal sens1: ,Decimal sens2: ,Decimal sens3: ,Decimal Unix,Decimal loop counter: ,Decimal crc check: ,0103145005002E37D8002D41FFFFFFFA9F641862AB0011B189,3028952,2966015,4294965919,1679319723,17,45449
Hex2String: ,Decimal sens1: ,Decimal sens2: ,Decimal sens3: ,Decimal Unix,Decimal loop counter: ,Decimal crc check: ,010314500600121B8CFFDD2F99002BED64641862AB00110510,1186700,4292685721,2878820,1679319723,17,1296
Hexstring does not start with '0103',0102000000000000000077130000290ADA37
Hexstring does not start with '0103',0104A509127F019108920430490A490A91089FCF
Hexstring does not start with '0103',0102000000000000000077130000290BCA16
Hexstring does not start with '0103',0104A609137F019408920430490A490A9308E38F
Hexstring does not start with '0103',0102000000000000000077130000290CBAF1
Hexstring does not start with '0103',0104A709137F019B08920430490A490A9408590F
Hex2String: ,Decimal sens1: ,Decimal sens2: ,Decimal sens3: ,Decimal Unix,Decimal loop counter: ,Decimal crc check: ,010314500701000000FFFFFF6901000000641862AB00116B78,16777216,4294967145,16777216,1679319723,17,27512
Hex2String: ,Decimal sens1: ,Decimal sens2: ,Decimal sens3: ,Decimal Unix,Decimal loop counter: ,Decimal crc check: ,0103145000002D72E7FFFED67E002CA4E7641862B00012420C,2978535,4294891134,2925799,1679319728,18,16908
Hex2String: ,Decimal sens1: ,Decimal sens2: ,Decimal sens3: ,Decimal Unix,Decimal loop counter: ,Decimal crc check: ,01031450010032E80E0006EECA002A41E5641862B0001263F1,3336206,454346,2769381,1679319728,18,25585
Hexstring does not start with '0103',0102000000000000000077130000290DAAD0
Hexstring does not start with '0103',0104A809137F019D088804304A0A4A0A940838BB
Hex2String: ,Decimal sens1: ,Decimal sens2: ,Decimal sens3: ,Decimal Unix,Decimal loop counter: ,Decimal crc check: ,01031450020024FC230004E4DD0020F571641862B00012AC93,2423843,320733,2159985,1679319728,18,44179
Hex2String: ,Decimal sens1: ,Decimal sens2: ,Decimal sens3: ,Decimal Unix,Decimal loop counter: ,Decimal crc check: ,010314500301000000FFFFF7FB01000000641862B00012C71A,16777216,4294965243,16777216,1679319728,18,50970
Hex2String: ,Decimal sens1: ,Decimal sens2: ,Decimal sens3: ,Decimal Unix,Decimal loop counter: ,Decimal crc check: ,01031450040007432CFFE5439B00224F79641862B00012337F,475948,4293215131,2248569,1679319728,18,13183
Hexstring does not start with '0103',0102000000000000000077130000290E9AB3
Hexstring does not start with '0103',0104A909137F0195087404304B0A4B0A9508934D
Hex2String: ,Decimal sens1: ,Decimal sens2: ,Decimal sens3: ,Decimal Unix,Decimal loop counter: ,Decimal crc check: ,0103145005002E974D002D4722FFFFFAA6641862B000129976,3053389,2967330,4294965926,1679319728,18,39286
Hex2String: ,Decimal sens1: ,Decimal sens2: ,Decimal sens3: ,Decimal Unix,Decimal loop counter: ,Decimal crc check: ,010314500600114882FFDBAE70002D02FB641862B00012DFE3,1132674,4292587120,2949883,1679319728,18,57315
Hexstring does not start with '0103',0102000000000000000077130000290F8A92
Hexstring does not start with '0103',0104AA09137F0197087404304A0A4A0A9508E8A7
Hexstring does not start with '0103',01020000000000000000771300002910694C
Hexstring does not start with '0103',0104AB09147F0190087404304B0A4B0A95082A2C
Hexstring does not start with '0103',01020000000000000000771300002911796D
Hexstring does not start with '0103',0104AC09147F018A087404304C0A4C0A95088CDF
Hex2String: ,Decimal sens1: ,Decimal sens2: ,Decimal sens3: ,Decimal Unix,Decimal loop counter: ,Decimal crc check: ,010314500701000000FFFFFF9801000000641862B0001202F8,16777216,4294967192,16777216,1679319728,18,760
Hex2String: ,Decimal sens1: ,Decimal sens2: ,Decimal sens3: ,Decimal Unix,Decimal loop counter: ,Decimal crc check: ,0103145000002DF3B9FFFE94A1002B6B9F641862B50013300A,3011513,4294874273,2845599,1679319733,19,12298
Hex2String: ,Decimal sens1: ,Decimal sens2: ,Decimal sens3: ,Decimal Unix,Decimal loop counter: ,Decimal crc check: ,01031450010032F13500074912002A1974641862B5001357CD,3338549,477458,2759028,1679319733,19,22477
Hexstring does not start with '0103',01020000000000000000771300002912490E
Hexstring does not start with '0103',0104AD09137F017D086A04304D0A4D0A97083A87
Hex2String: ,Decimal sens1: ,Decimal sens2: ,Decimal sens3: ,Decimal Unix,Decimal loop counter: ,Decimal crc check: ,010314500200254909000541E80020E46E641862B50013CBCE,2443529,344552,2155630,1679319733,19,52174
Hex2String: ,Decimal sens1: ,Decimal sens2: ,Decimal sens3: ,Decimal Unix,Decimal loop counter: ,Decimal crc check: ,010314500301000000FFFFF8F301000000641862B500138DA6,16777216,4294965491,16777216,1679319733,19,36262
Hex2String: ,Decimal sens1: ,Decimal sens2: ,Decimal sens3: ,Decimal Unix,Decimal loop counter: ,Decimal crc check: ,01031450040007437EFFE40C7A00237330641862B500139F10,476030,4293135482,2323248,1679319733,19,40720
Hexstring does not start with '0103',01020000000000000000771300002913592F
Hexstring does not start with '0103',0104AE09137F016E086004304D0A4D0A940845C6
Hex2String: ,Decimal sens1: ,Decimal sens2: ,Decimal sens3: ,Decimal Unix,Decimal loop counter: ,Decimal crc check: ,0103145005002EE807002D6B67FFFFF98E641862B500133237,3074055,2976615,4294965646,1679319733,19,12855
Hex2String: ,Decimal sens1: ,Decimal sens2: ,Decimal sens3: ,Decimal Unix,Decimal loop counter: ,Decimal crc check: ,0103145006000C8707FFD8D081002B1C6C641862B50013BF4F,820999,4292399233,2825324,1679319733,19,48975
Hexstring does not start with '0103',0102000000000000000077130000291429C8
Hexstring does not start with '0103',0104AF09137F0163085604304C0A4C0A950868CD
Hexstring does not start with '0103',0102000000000000000077130000291539E9
Hexstring does not start with '0103',0104B009127F0159086004304D0A4D0A930883FE
Hexstring does not start with '0103',01020000000000000000771300002916098A
Hexstring does not start with '0103',0104B109157F0157087404304E0A4E0A9308928B
Hex2String: ,Decimal sens1: ,Decimal sens2: ,Decimal sens3: ,Decimal Unix,Decimal loop counter: ,Decimal crc check: ,010314500701000000FFFFFE6901000000641862B50013102D,16777216,4294966889,16777216,1679319733,19,4141
Hex2String: ,Decimal sens1: ,Decimal sens2: ,Decimal sens3: ,Decimal Unix,Decimal loop counter: ,Decimal crc check: ,0103145000002E6EE8FFFEBFF9002CED7C641862BA00144AFC,3043048,4294885369,2944380,1679319738,20,19196
Hex2String: ,Decimal sens1: ,Decimal sens2: ,Decimal sens3: ,Decimal Unix,Decimal loop counter: ,Decimal crc check: ,010314500100330C8600071403002A8937641862BA00141052,3345542,463875,2787639,1679319738,20,4178
Hexstring does not start with '0103',0102000000000000000077130000291719AB
Hexstring does not start with '0103',0104B209157F0157087404304E0A4E0A93087AC6
Hex2String: ,Decimal sens1: ,Decimal sens2: ,Decimal sens3: ,Decimal Unix,Decimal loop counter: ,Decimal crc check: ,01031450020024E30000043AAD0021686A641862BA0014C526,2417408,277165,2189418,1679319738,20,50470
Hex2String: ,Decimal sens1: ,Decimal sens2: ,Decimal sens3: ,Decimal Unix,Decimal loop counter: ,Decimal crc check: ,010314500301000000FFFFF96B01000000641862BA0014AC1C,16777216,4294965611,16777216,1679319738,20,44060
Hex2String: ,Decimal sens1: ,Decimal sens2: ,Decimal sens3: ,Decimal Unix,Decimal loop counter: ,Decimal crc check: ,0103145004000744F1FFE4AC0C002352F3641862BA0014BCD2,476401,4293176332,2314995,1679319738,20,48338
Hexstring does not start with '0103',01020000000000000000771300002918E844
Hexstring does not start with '0103',0104B309157F015F087404304F0A4F0A93084378
Hex2String: ,Decimal sens1: ,Decimal sens2: ,Decimal sens3: ,Decimal Unix,Decimal loop counter: ,Decimal crc check: ,0103145005002E9987002D9971FFFFF861641862BA0014220A,3053959,2988401,4294965345,1679319738,20,8714
Hex2String: ,Decimal sens1: ,Decimal sens2: ,Decimal sens3: ,Decimal Unix,Decimal loop counter: ,Decimal crc check: ,01031450060011DAADFFD9A42B002C22E7641862BA00147873,1170093,4292453419,2892519,1679319738,20,30835
Hexstring does not start with '0103',01020000000000000000771300002919F865
Hexstring does not start with '0103',0104B409157F015B087404304F0A4F0A93087AA0
Hexstring does not start with '0103',0102000000000000000077130000291AC806
Hexstring does not start with '0103',0104B509167F0154086A0430500A500A91088231
Hexstring does not start with '0103',0102000000000000000077130000291BD827
Hexstring does not start with '0103',0104B609147F014A08600430500A500A91087561
Hex2String: ,Decimal sens1: ,Decimal sens2: ,Decimal sens3: ,Decimal Unix,Decimal loop counter: ,Decimal crc check: ,010314500701000000FFFFFE5A01000000641862BA0014CB46,16777216,4294966874,16777216,1679319738,20,52038
Hex2String: ,Decimal sens1: ,Decimal sens2: ,Decimal sens3: ,Decimal Unix,Decimal loop counter: ,Decimal crc check: ,0103145000002E3FBDFFFF96B7002C9D09641862BF00158E9D,3030973,4294940343,2923785,1679319743,21,36509
Hex2String: ,Decimal sens1: ,Decimal sens2: ,Decimal sens3: ,Decimal Unix,Decimal loop counter: ,Decimal crc check: ,01031450010032B0140006F771002A4F0A641862BF00152A99,3321876,456561,2772746,1679319743,21,10905
Hexstring does not start with '0103',0102000000000000000077130000291CA8C0
Hexstring does not start with '0103',0104B709167F014208560430510A510A900827A6
Hex2String: ,Decimal sens1: ,Decimal sens2: ,Decimal sens3: ,Decimal Unix,Decimal loop counter: ,Decimal crc check: ,01031450020024A4440003C9C500219534641862BF001505AA,2401348,248261,2200884,1679319743,21,1450
Hex2String: ,Decimal sens1: ,Decimal sens2: ,Decimal sens3: ,Decimal Unix,Decimal loop counter: ,Decimal crc check: ,010314500301000000FFFFF9D501000000641862BF0015725A,16777216,4294965717,16777216,1679319743,21,29274
Hex2String: ,Decimal sens1: ,Decimal sens2: ,Decimal sens3: ,Decimal Unix,Decimal loop counter: ,Decimal crc check: ,010314500400074511FFE3566800249F3F641862BF0015827B,476433,4293088872,2400063,1679319743,21,33403
Hexstring does not start with '0103',0102000000000000000077130000291DB8E1
Hexstring does not start with '0103',0104B809157F015208560430500A500A9008B536
Hex2String: ,Decimal sens1: ,Decimal sens2: ,Decimal sens3: ,Decimal Unix,Decimal loop counter: ,Decimal crc check: ,0103145005002D9018002CDD4DFFFFF96B641862BF001539F2,2986008,2940237,4294965611,1679319743,21,14834
Hex2String: ,Decimal sens1: ,Decimal sens2: ,Decimal sens3: ,Decimal Unix,Decimal loop counter: ,Decimal crc check: ,0103145006000C7606FFD5C49A002E2D46641862BF0015EAF5,816646,4292199578,3026246,1679319743,21,60149
Hexstring does not start with '0103',0102000000000000000077130000291E8882
Hexstring does not start with '0103',0104B909157F015A08600430500A500A8E08316A
Hexstring does not start with '0103',0102000000000000000077130000291F98A3
Hexstring does not start with '0103',0104BA09157F016808600430510A510A900895BB
Hexstring does not start with '0103',010200000000000000007713000029205F1F
Hexstring does not start with '0103',0104BB09177F016808600430510A510A9008CB5D
Hex2String: ,Decimal sens1: ,Decimal sens2: ,Decimal sens3: ,Decimal Unix,Decimal loop counter: ,Decimal crc check: ,010314500701000000FFFFFE6F01000000641862BF001546DE,16777216,4294966895,16777216,1679319743,21,18142
Hex2String: ,Decimal sens1: ,Decimal sens2: ,Decimal sens3: ,Decimal Unix,Decimal loop counter: ,Decimal crc check: ,0103145000002DC97EFFFEEBC3002C46B5641862C4001665B9,3000702,4294896579,2901685,1679319748,22,26041
Hex2String: ,Decimal sens1: ,Decimal sens2: ,Decimal sens3: ,Decimal Unix,Decimal loop counter: ,Decimal crc check: ,010314500100332B3A000718A6002A3C07641862C40016F025,3353402,465062,2767879,1679319748,22,61477
Hexstring does not start with '0103',010200000000000000007713000029214F3E
Hexstring does not start with '0103',0104BC09167F018408560430520A520A9308E28A
Hex2String: ,Decimal sens1: ,Decimal sens2: ,Decimal sens3: ,Decimal Unix,Decimal loop counter: ,Decimal crc check: ,01031450020024EC7F00047BAB002133F9641862C400168F38,2419839,293803,2175993,1679319748,22,36664
Hex2String: ,Decimal sens1: ,Decimal sens2: ,Decimal sens3: ,Decimal Unix,Decimal loop counter: ,Decimal crc check: ,010314500301000000FFFFF9C201000000641862C400161640,16777216,4294965698,16777216,1679319748,22,5696
Hex2String: ,Decimal sens1: ,Decimal sens2: ,Decimal sens3: ,Decimal Unix,Decimal loop counter: ,Decimal crc check: ,010314500400074529FFE45CD700238DB2641862C4001606E4,476457,4293156055,2330034,1679319748,22,1764
Hexstring does not start with '0103',010200000000000000007713000029227F5D
Hexstring does not start with '0103',0104BD09167F018608560430510A510A9108D943
Hex2String: ,Decimal sens1: ,Decimal sens2: ,Decimal sens3: ,Decimal Unix,Decimal loop counter: ,Decimal crc check: ,0103145005002D9D78002CB507FFFFF968641862C400169924,2989432,2929927,4294965608,1679319748,22,39204
Hex2String: ,Decimal sens1: ,Decimal sens2: ,Decimal sens3: ,Decimal Unix,Decimal loop counter: ,Decimal crc check: ,0103145006000D370CFFD5FD3F002DF50F641862C40016B4B5,866060,4292214079,3011855,1679319748,22,46261
Hexstring does not start with '0103',010200000000000000007713000029236F7C
Hexstring does not start with '0103',0104BE09167F017E08600430500A500A91083C26
Hexstring does not start with '0103',010200000000000000007713000029241F9B
Hexstring does not start with '0103',0104BF09167F017A086A0430500A500A93084CBF
Hexstring does not start with '0103',010200000000000000007713000029250FBA
Hexstring does not start with '0103',0104C009147F017408920430510A510A910811CB
Hex2String: ,Decimal sens1: ,Decimal sens2: ,Decimal sens3: ,Decimal Unix,Decimal loop counter: ,Decimal crc check: ,010314500701000000FFFFFE8F01000000641862C400163941,16777216,4294966927,16777216,1679319748,22,14657
Hex2String: ,Decimal sens1: ,Decimal sens2: ,Decimal sens3: ,Decimal Unix,Decimal loop counter: ,Decimal crc check: ,0103145000002D3C3DFFFED374002C829F641862C90017B3D8,2964541,4294890356,2917023,1679319753,23,46040
Hex2String: ,Decimal sens1: ,Decimal sens2: ,Decimal sens3: ,Decimal Unix,Decimal loop counter: ,Decimal crc check: ,01031450010032DD7A00074C5F0029D670641862C90017475D,3333498,478303,2741872,1679319753,23,18269
Hexstring does not start with '0103',010200000000000000007713000029263FD9
Hexstring does not start with '0103',0104C109147F017208BA0430530A530A9308C652
Hex2String: ,Decimal sens1: ,Decimal sens2: ,Decimal sens3: ,Decimal Unix,Decimal loop counter: ,Decimal crc check: ,010314500200250DC10004C2F70020C3B6641862C900172967,2428353,312055,2147254,1679319753,23,10599
Hex2String: ,Decimal sens1: ,Decimal sens2: ,Decimal sens3: ,Decimal Unix,Decimal loop counter: ,Decimal crc check: ,010314500301000000FFFFF8A601000000641862C90017F8AD,16777216,4294965414,16777216,1679319753,23,63661
Hex2String: ,Decimal sens1: ,Decimal sens2: ,Decimal sens3: ,Decimal Unix,Decimal loop counter: ,Decimal crc check: ,01031450040007448EFFE56A7F0022717A641862C900178973,476302,4293225087,2257274,1679319753,23,35187
Hexstring does not start with '0103',010200000000000000007713000029272FF8
Hexstring does not start with '0103',0104C209147F017108A60430530A530A9308B00B
Hex2String: ,Decimal sens1: ,Decimal sens2: ,Decimal sens3: ,Decimal Unix,Decimal loop counter: ,Decimal crc check: ,0103145005002EA543002DB8F4FFFFF92B641862C9001786D1,3056963,2996468,4294965547,1679319753,23,34513
Hex2String: ,Decimal sens1: ,Decimal sens2: ,Decimal sens3: ,Decimal Unix,Decimal loop counter: ,Decimal crc check: ,0103145006000DE6AFFFD4E6A3002E98F0641862C90017D322,911023,4292142755,3053808,1679319753,23,54050
Hexstring does not start with '0103',01020000000000000000771300002928DE17
Hexstring does not start with '0103',0104C309147F0173089C0430540A540A91085C08
Hexstring does not start with '0103',01020000000000000000771300002929CE36
Hexstring does not start with '0103',0104C409137F018108880430550A550A93084C7D
Hexstring does not start with '0103',0102000000000000000077130000292AFE55
Hexstring does not start with '0103',0104C509147F018808740430550A550A9408D676
Hex2String: ,Decimal sens1: ,Decimal sens2: ,Decimal sens3: ,Decimal Unix,Decimal loop counter: ,Decimal crc check: ,010314500701000000FFFFFE9F01000000641862C900173E0C,16777216,4294966943,16777216,1679319753,23,15884
Hex2String: ,Decimal sens1: ,Decimal sens2: ,Decimal sens3: ,Decimal Unix,Decimal loop counter: ,Decimal crc check: ,0103145000002D64B8FFFEF374002C25A5641862CE00189DCE,2974904,4294898548,2893221,1679319758,24,40398
Hex2String: ,Decimal sens1: ,Decimal sens2: ,Decimal sens3: ,Decimal Unix,Decimal loop counter: ,Decimal crc check: ,01031450010032E2CC000709ED002A4E78641862CE00181B78,3334860,461293,2772600,1679319758,24,7032
Hexstring does not start with '0103',0102000000000000000077130000292BEE74
Hexstring does not start with '0103',0104C609147F0187086A0430550A550A94089581
Hex2String: ,Decimal sens1: ,Decimal sens2: ,Decimal sens3: ,Decimal Unix,Decimal loop counter: ,Decimal crc check: ,01031450020024D26C000425F300214142641862CE00187FA9,2413164,271859,2179394,1679319758,24,32681
Hex2String: ,Decimal sens1: ,Decimal sens2: ,Decimal sens3: ,Decimal Unix,Decimal loop counter: ,Decimal crc check: ,010314500301000000FFFFF8E701000000641862CE0018104E,16777216,4294965479,16777216,1679319758,24,4174
Hex2String: ,Decimal sens1: ,Decimal sens2: ,Decimal sens3: ,Decimal Unix,Decimal loop counter: ,Decimal crc check: ,0103145004000744A8FFE4AD3700231836641862CE0018DAF4,476328,4293176631,2299958,1679319758,24,56052
Hexstring does not start with '0103',0102000000000000000077130000292C9E93
Hexstring does not start with '0103',0104C709147F018B086A0430550A550A9408CE6C
Hex2String: ,Decimal sens1: ,Decimal sens2: ,Decimal sens3: ,Decimal Unix,Decimal loop counter: ,Decimal crc check: ,0103145005002DC550002CAAD3FFFFF93E641862CE00181DD9,2999632,2927315,4294965566,1679319758,24,7641
Hex2String: ,Decimal sens1: ,Decimal sens2: ,Decimal sens3: ,Decimal Unix,Decimal loop counter: ,Decimal crc check: ,0103145006000B1838FFD3E699002F6F36641862CE00181693,727096,4292077209,3108662,1679319758,24,5779
Hexstring does not start with '0103',0102000000000000000077130000292D8EB2
Hexstring does not start with '0103',0104C809137F018408600430540A540A9508A3FE
Hexstring does not start with '0103',0102000000000000000077130000292EBED1
Hexstring does not start with '0103',0104C909137F017308560430540A540A94088DE4
Hexstring does not start with '0103',0102000000000000000077130000292FAEF0
Hexstring does not start with '0103',0104CA09137F016208560430540A540A9408E8DD
Hex2String: ,Decimal sens1: ,Decimal sens2: ,Decimal sens3: ,Decimal Unix,Decimal loop counter: ,Decimal crc check: ,010314500701000000FFFFFEA001000000641862CE00183E07,16777216,4294966944,16777216,1679319758,24,15879
Hex2String: ,Decimal sens1: ,Decimal sens2: ,Decimal sens3: ,Decimal Unix,Decimal loop counter: ,Decimal crc check: ,0103145000002D57CAFFFEF3CB002C471B641862D300198AFC,2971594,4294898635,2901787,1679319763,25,35580
Hex2String: ,Decimal sens1: ,Decimal sens2: ,Decimal sens3: ,Decimal Unix,Decimal loop counter: ,Decimal crc check: ,01031450010032E8B800071BDA002A331D641862D30019F237,3336376,465882,2765597,1679319763,25,62007
Hexstring does not start with '0103',010200000000000000007713000029304D2E
Hexstring does not start with '0103',0104CB09137F015808560430540A540A91084276
Hex2String: ,Decimal sens1: ,Decimal sens2: ,Decimal sens3: ,Decimal Unix,Decimal loop counter: ,Decimal crc check: ,01031450020024DEBB00045CD90021382C641862D30019EB56,2416315,285913,2177068,1679319763,25,60246
Hex2String: ,Decimal sens1: ,Decimal sens2: ,Decimal sens3: ,Decimal Unix,Decimal loop counter: ,Decimal crc check: ,010314500301000000FFFFF8B001000000641862D300193908,16777216,4294965424,16777216,1679319763,25,14600
Hex2String: ,Decimal sens1: ,Decimal sens2: ,Decimal sens3: ,Decimal Unix,Decimal loop counter: ,Decimal crc check: ,01031450040007447FFFE508910022BB2C641862D30019BF8C,476287,4293200017,2276140,1679319763,25,49036
Hexstring does not start with '0103',010200000000000000007713000029315D0F
Hexstring does not start with '0103',0104CC09147F015E08560430550A550A9308FE6D
Hex2String: ,Decimal sens1: ,Decimal sens2: ,Decimal sens3: ,Decimal Unix,Decimal loop counter: ,Decimal crc check: ,0103145005002DBDEF002C909FFFFFF9AF641862D30019FB6A,2997743,2920607,4294965679,1679319763,25,64362
Hex2String: ,Decimal sens1: ,Decimal sens2: ,Decimal sens3: ,Decimal Unix,Decimal loop counter: ,Decimal crc check: ,0103145006000A1F66FFD4BBF5002EF3FA641862D30019DCF8,663398,4292131829,3077114,1679319763,25,56568
Hexstring does not start with '0103',010200000000000000007713000029326D6C
Hexstring does not start with '0103',0104CD09127F016808600430540A540A9308CE03
Hexstring does not start with '0103',010200000000000000007713000029337D4D
Hexstring does not start with '0103',0104CE09137F016D08600430550A550A9308E735
Hexstring does not start with '0103',010200000000000000007713000029340DAA
Hexstring does not start with '0103',0104CF09137F016E087E0430560A560A9108243C
Hex2String: ,Decimal sens1: ,Decimal sens2: ,Decimal sens3: ,Decimal Unix,Decimal loop counter: ,Decimal crc check: ,010314500701000000FFFFFF0701000000641862D30019260C,16777216,4294967047,16777216,1679319763,25,9740
Hex2String: ,Decimal sens1: ,Decimal sens2: ,Decimal sens3: ,Decimal Unix,Decimal loop counter: ,Decimal crc check: ,0103145000002D878BFFFF3AF1002C486D641862D8001A426B,2983819,4294916849,2902125,1679319768,26,17003
Hex2String: ,Decimal sens1: ,Decimal sens2: ,Decimal sens3: ,Decimal Unix,Decimal loop counter: ,Decimal crc check: ,0103145001003303A400072A91002A39A6641862D8001A07BC,3343268,469649,2767270,1679319768,26,1980
Hexstring does not start with '0103',010200000000000000007713000029351D8B
Hexstring does not start with '0103',0104D009137F015D086A0430560A560A930850E2
Hex2String: ,Decimal sens1: ,Decimal sens2: ,Decimal sens3: ,Decimal Unix,Decimal loop counter: ,Decimal crc check: ,01031450020024F9D8000499B500210F07641862D8001A914C,2423256,301493,2166535,1679319768,26,37196
Hex2String: ,Decimal sens1: ,Decimal sens2: ,Decimal sens3: ,Decimal Unix,Decimal loop counter: ,Decimal crc check: ,010314500301000000FFFFF8CE01000000641862D8001A1172,16777216,4294965454,16777216,1679319768,26,4466
Hex2String: ,Decimal sens1: ,Decimal sens2: ,Decimal sens3: ,Decimal Unix,Decimal loop counter: ,Decimal crc check: ,010314500400074492FFE56896002269FC641862D8001AEC6A,476306,4293224598,2255356,1679319768,26,60522
Hexstring does not start with '0103',010200000000000000007713000029362DE8
Hexstring does not start with '0103',0104D109137F015A08880430550A550A910863D5
Hex2String: ,Decimal sens1: ,Decimal sens2: ,Decimal sens3: ,Decimal Unix,Decimal loop counter: ,Decimal crc check: ,0103145005002D325E002C4164FFFFF9D3641862D8001A1E61,2962014,2900324,4294965715,1679319768,26,7777
Hex2String: ,Decimal sens1: ,Decimal sens2: ,Decimal sens3: ,Decimal Unix,Decimal loop counter: ,Decimal crc check: ,01031450060009F1B0FFD55E02002E60A4641862D8001A419C,651696,4292173314,3039396,1679319768,26,16796
Hexstring does not start with '0103',010200000000000000007713000029373DC9
Hexstring does not start with '0103',0104D209137F0150086A0430560A560A90086E58
Hexstring does not start with '0103',01020000000000000000771300002938CC26
Hexstring does not start with '0103',0104D309137F014708600430560A560A8E087518
Hexstring does not start with '0103',01020000000000000000771300002939DC07
Hexstring does not start with '0103',0104D409147F013D08600430570A570A8E08E73A
Hex2String: ,Decimal sens1: ,Decimal sens2: ,Decimal sens3: ,Decimal Unix,Decimal loop counter: ,Decimal crc check: ,010314500701000000FFFFFF1E01000000641862D8001AC964,16777216,4294967070,16777216,1679319768,26,51556
Hex2String: ,Decimal sens1: ,Decimal sens2: ,Decimal sens3: ,Decimal Unix,Decimal loop counter: ,Decimal crc check: ,0103145000002C15CDFFFE79B9002C3463641862DD001BD6FC,2889165,4294867385,2896995,1679319773,27,55036
Hex2String: ,Decimal sens1: ,Decimal sens2: ,Decimal sens3: ,Decimal Unix,Decimal loop counter: ,Decimal crc check: ,010314500100334E3F000742EC002A53B2641862DD001B45ED,3362367,475884,2773938,1679319773,27,17901
Hexstring does not start with '0103',0102000000000000000077130000293AEC64
Hexstring does not start with '0103',0104D509137F013D086A0430560A560A8E08E394
Hex2String: ,Decimal sens1: ,Decimal sens2: ,Decimal sens3: ,Decimal Unix,Decimal loop counter: ,Decimal crc check: ,0103145002002509D2000418F4002179D8641862DD001B3FAC,2427346,268532,2193880,1679319773,27,16300
Hex2String: ,Decimal sens1: ,Decimal sens2: ,Decimal sens3: ,Decimal Unix,Decimal loop counter: ,Decimal crc check: ,010314500301000000FFFFF93701000000641862DD001BA129,16777216,4294965559,16777216,1679319773,27,41257
Hex2String: ,Decimal sens1: ,Decimal sens2: ,Decimal sens3: ,Decimal Unix,Decimal loop counter: ,Decimal crc check: ,0103145004000744C5FFE4F4B90022A854641862DD001BFE28,476357,4293194937,2271316,1679319773,27,65064
Hexstring does not start with '0103',0102000000000000000077130000293BFC45
Hexstring does not start with '0103',0104D609137F014108600430550A550A8D08AC75
Hex2String: ,Decimal sens1: ,Decimal sens2: ,Decimal sens3: ,Decimal Unix,Decimal loop counter: ,Decimal crc check: ,0103145005002DCA38002CD1D5FFFFF957641862DD001B2D6E,3000888,2937301,4294965591,1679319773,27,11630
Hex2String: ,Decimal sens1: ,Decimal sens2: ,Decimal sens3: ,Decimal Unix,Decimal loop counter: ,Decimal crc check: ,0103145006000998D0FFD53BF9002EFFA1641862DD001B4B90,628944,4292164601,3080097,1679319773,27,19344
Hexstring does not start with '0103',01020000000000000000771300002A002E2E
Hexstring does not start with '0103',0104D709147F0145086A0430560A560A8C08AC85
Hexstring does not start with '0103',01020000000000000000771300002A013E0F
Hexstring does not start with '0103',0104D809137F0154086A0430550A550A8C087DD1
Hexstring does not start with '0103',01020000000000000000771300002A020E6C
Hexstring does not start with '0103',0104D909157F016208740430550A550A8E0896CA
Hex2String: ,Decimal sens1: ,Decimal sens2: ,Decimal sens3: ,Decimal Unix,Decimal loop counter: ,Decimal crc check: ,010314500701000000FFFFFEEC01000000641862DD001BA34B,16777216,4294967020,16777216,1679319773,27,41803
Hex2String: ,Decimal sens1: ,Decimal sens2: ,Decimal sens3: ,Decimal Unix,Decimal loop counter: ,Decimal crc check: ,0103145000002CF606FFFE73DE002C3532641862E2001C1081,2946566,4294865886,2897202,1679319778,28,4225
Hex2String: ,Decimal sens1: ,Decimal sens2: ,Decimal sens3: ,Decimal Unix,Decimal loop counter: ,Decimal crc check: ,01031450010032E2C00007611E002A11CD641862E2001C6F53,3334848,483614,2757069,1679319778,28,28499
Hexstring does not start with '0103',01020000000000000000771300002A031E4D
Hexstring does not start with '0103',0104DA09157F0160086A0430560A560A8C08CDE3
Hex2String: ,Decimal sens1: ,Decimal sens2: ,Decimal sens3: ,Decimal Unix,Decimal loop counter: ,Decimal crc check: ,010314500200247EF9000397EB00213989641862E2001C6782,2391801,235499,2177417,1679319778,28,26498
Hex2String: ,Decimal sens1: ,Decimal sens2: ,Decimal sens3: ,Decimal Unix,Decimal loop counter: ,Decimal crc check: ,010314500301000000FFFFF91E01000000641862E2001CE8E7,16777216,4294965534,16777216,1679319778,28,59623
Hex2String: ,Decimal sens1: ,Decimal sens2: ,Decimal sens3: ,Decimal Unix,Decimal loop counter: ,Decimal crc check: ,01031450040007448CFFE44B8A00235C03641862E2001CF9F4,476300,4293151626,2317315,1679319778,28,63988
Hexstring does not start with '0103',01020000000000000000771300002A046EAA
Hexstring does not start with '0103',0104DB09147F015708600430570A570A8A08BE76
Hex2String: ,Decimal sens1: ,Decimal sens2: ,Decimal sens3: ,Decimal Unix,Decimal loop counter: ,Decimal crc check: ,0103145005002CC1C1002BCB65FFFFF92A641862E2001C8197,2933185,2870117,4294965546,1679319778,28,33175
Hex2String: ,Decimal sens1: ,Decimal sens2: ,Decimal sens3: ,Decimal Unix,Decimal loop counter: ,Decimal crc check: ,0103145006000A5C3FFFD451CC002F39B1641862E2001C91D9,678975,4292104652,3094961,1679319778,28,37337
Hexstring does not start with '0103',01020000000000000000771300002A057E8B
Hexstring does not start with '0103',0104DC09147F015A086A0430580A580A8A08031C
Hexstring does not start with '0103',01020000000000000000771300002A064EE8
Hexstring does not start with '0103',0104DD09147F0165086A0430570A570A8A08CEA1
Hexstring does not start with '0103',01020000000000000000771300002A075EC9
Hexstring does not start with '0103',0104DE09147F016E086A0430580A580A8A08ED75
Hex2String: ,Decimal sens1: ,Decimal sens2: ,Decimal sens3: ,Decimal Unix,Decimal loop counter: ,Decimal crc check: ,010314500701000000FFFFFE8D01000000641862E2001C0CDE,16777216,4294966925,16777216,1679319778,28,3294
Hex2String: ,Decimal sens1: ,Decimal sens2: ,Decimal sens3: ,Decimal Unix,Decimal loop counter: ,Decimal crc check: ,0103145000002E53E0FFFF931A002C0637641862E7001DAE77,3036128,4294939418,2885175,1679319783,29,44663
Hex2String: ,Decimal sens1: ,Decimal sens2: ,Decimal sens3: ,Decimal Unix,Decimal loop counter: ,Decimal crc check: ,0103145001003328D3000716F4002A7071641862E7001D7FCD,3352787,464628,2781297,1679319783,29,32717
Hexstring does not start with '0103',01020000000000000000771300002A08AF26
Hexstring does not start with '0103',0104DF09137F0175086A0430590A590A8C0823AC
Hex2String: ,Decimal sens1: ,Decimal sens2: ,Decimal sens3: ,Decimal Unix,Decimal loop counter: ,Decimal crc check: ,010314500200252EA90004182500219218641862E7001DDEFA,2436777,268325,2200088,1679319783,29,57082
Hex2String: ,Decimal sens1: ,Decimal sens2: ,Decimal sens3: ,Decimal Unix,Decimal loop counter: ,Decimal crc check: ,010314500301000000FFFFF97A01000000641862E7001DACDE,16777216,4294965626,16777216,1679319783,29,44254
Hex2String: ,Decimal sens1: ,Decimal sens2: ,Decimal sens3: ,Decimal Unix,Decimal loop counter: ,Decimal crc check: ,01031450040007455EFFE4D946002342B5641862E7001D8210,476510,4293187910,2310837,1679319783,29,33296
Hexstring does not start with '0103',01020000000000000000771300002A09BF07
Hexstring does not start with '0103',0104E009147F0178086A04305A0A5A0A8D080223
Hex2String: ,Decimal sens1: ,Decimal sens2: ,Decimal sens3: ,Decimal Unix,Decimal loop counter: ,Decimal crc check: ,0103145005002CB9F9002BB702FFFFF891641862E7001DDD78,2931193,2864898,4294965393,1679319783,29,56696
Hex2String: ,Decimal sens1: ,Decimal sens2: ,Decimal sens3: ,Decimal Unix,Decimal loop counter: ,Decimal crc check: ,0103145006000A683DFFD558A2002DEAF7641862E7001D6648,682045,4292171938,3009271,1679319783,29,26184
Hexstring does not start with '0103',01020000000000000000771300002A0A8F64
Hexstring does not start with '0103',0104E109147F0169086A04305A0A5A0A8A08BEE4
Hexstring does not start with '0103',01020000000000000000771300002A0B9F45
Hexstring does not start with '0103',0104E209147F0169089C04305A0A5A0A8A081848
Hexstring does not start with '0103',01020000000000000000771300002A0CEFA2
Hexstring does not start with '0103',0104E309147F017608CE0430590A590A8C085BB8
Hex2String: ,Decimal sens1: ,Decimal sens2: ,Decimal sens3: ,Decimal Unix,Decimal loop counter: ,Decimal crc check: ,010314500701000000FFFFFDC701000000641862E7001DB478,16777216,4294966727,16777216,1679319783,29,46200
Hex2String: ,Decimal sens1: ,Decimal sens2: ,Decimal sens3: ,Decimal Unix,Decimal loop counter: ,Decimal crc check: ,0103145000002D852EFFFF22F1002CD30C641862EC001E96B2,2983214,4294910705,2937612,1679319788,30,38578
Hex2String: ,Decimal sens1: ,Decimal sens2: ,Decimal sens3: ,Decimal Unix,Decimal loop counter: ,Decimal crc check: ,0103145001003323B600071101002A5BE7641862EC001EE7D9,3351478,463105,2776039,1679319788,30,59353
Hexstring does not start with '0103',01020000000000000000771300002A0DFF83
Hexstring does not start with '0103',0104E409147F018408CE04305A0A5A0A8D08C7A1
Hex2String: ,Decimal sens1: ,Decimal sens2: ,Decimal sens3: ,Decimal Unix,Decimal loop counter: ,Decimal crc check: ,01031450020024EDF90003F7580021A5F0641862EC001E5C2F,2420217,259928,2205168,1679319788,30,23599
Hex2String: ,Decimal sens1: ,Decimal sens2: ,Decimal sens3: ,Decimal Unix,Decimal loop counter: ,Decimal crc check: ,010314500301000000FFFFF9DA01000000641862EC001E4F9C,16777216,4294965722,16777216,1679319788,30,20380
Hex2String: ,Decimal sens1: ,Decimal sens2: ,Decimal sens3: ,Decimal Unix,Decimal loop counter: ,Decimal crc check: ,010314500400074580FFE4743200237F87641862EC001E9136,476544,4293162034,2326407,1679319788,30,37174
Hexstring does not start with '0103',01020000000000000000771300002A0ECFE0
Hexstring does not start with '0103',0104E509137F018108BA04305A0A5A0A8C089288
Hex2String: ,Decimal sens1: ,Decimal sens2: ,Decimal sens3: ,Decimal Unix,Decimal loop counter: ,Decimal crc check: ,0103145005002D16D4002C3E64FFFFF84E641862EC001E19C0,2954964,2899556,4294965326,1679319788,30,6592
Hex2String: ,Decimal sens1: ,Decimal sens2: ,Decimal sens3: ,Decimal Unix,Decimal loop counter: ,Decimal crc check: ,0103145006000984AEFFD3BE9C002FA15E641862EC001E04A9,623790,4292066972,3121502,1679319788,30,1193
Hexstring does not start with '0103',01020000000000000000771300002A0FDFC1
Hexstring does not start with '0103',0104E609137F018808E20430590A590A8C0870E6
Hexstring does not start with '0103',01020000000000000000771300002A103C1F
Hexstring does not start with '0103',0104E709147F0190081E05305A0A5A0A9008AAFF
Hexstring does not start with '0103',01020000000000000000771300002A112C3E
Hexstring does not start with '0103',0104E809137F0189081405305A0A5A0A8E0843FD
Hex2String: ,Decimal sens1: ,Decimal sens2: ,Decimal sens3: ,Decimal Unix,Decimal loop counter: ,Decimal crc check: ,010314500701000000FFFFFDC901000000641862EC001E2790,16777216,4294966729,16777216,1679319788,30,10128
Hex2String: ,Decimal sens1: ,Decimal sens2: ,Decimal sens3: ,Decimal Unix,Decimal loop counter: ,Decimal crc check: ,0103145000002DB579FFFED963002C1BDF641862F1001F7BAD,2995577,4294891875,2890719,1679319793,31,31661
Hex2String: ,Decimal sens1: ,Decimal sens2: ,Decimal sens3: ,Decimal Unix,Decimal loop counter: ,Decimal crc check: ,01031450010032E6150007206A002A2B74641862F1001FFAF6,3335701,467050,2763636,1679319793,31,64246
Hexstring does not start with '0103',01020000000000000000771300002A121C5D
Hexstring does not start with '0103',0104E909147F0183081405305A0A5A0A8E0899E2
Hex2String: ,Decimal sens1: ,Decimal sens2: ,Decimal sens3: ,Decimal Unix,Decimal loop counter: ,Decimal crc check: ,010314500200250D8700045D0200213B09641862F1001FCDC4,2428295,285954,2177801,1679319793,31,52676
Hex2String: ,Decimal sens1: ,Decimal sens2: ,Decimal sens3: ,Decimal Unix,Decimal loop counter: ,Decimal crc check: ,010314500301000000FFFFF8FD01000000641862F1001FDE3D,16777216,4294965501,16777216,1679319793,31,56893
Hex2String: ,Decimal sens1: ,Decimal sens2: ,Decimal sens3: ,Decimal Unix,Decimal loop counter: ,Decimal crc check: ,010314500400074506FFE5642A0022714B641862F1001FD690,476422,4293223466,2257227,1679319793,31,54928
Hexstring does not start with '0103',01020000000000000000771300002A130C7C
Hexstring does not start with '0103',0104EA09137F017D080A0530580A580A8E08264A
Hex2String: ,Decimal sens1: ,Decimal sens2: ,Decimal sens3: ,Decimal Unix,Decimal loop counter: ,Decimal crc check: ,0103145005002C722E002B418FFFFFF8B7641862F1001F71B8,2912814,2834831,4294965431,1679319793,31,29112
Hex2String: ,Decimal sens1: ,Decimal sens2: ,Decimal sens3: ,Decimal Unix,Decimal loop counter: ,Decimal crc check: ,010314500600096473FFD43CC8002F1443641862F1001FFD13,615539,4292099272,3085379,1679319793,31,64787
Hexstring does not start with '0103',01020000000000000000771300002A147C9B
Hexstring does not start with '0103',0104EB09147F017A08F60430580A580A8E08317F
Hexstring does not start with '0103',01020000000000000000771300002A156CBA
Hexstring does not start with '0103',0104EC09147F016E08C40430590A590A8E085CEB
